{
  "test_examples/slow/slow_test.rb": 2.5111711025238037,
  "test_examples/fast/shared_examples_test.rb": 1.6154117584228516,
  "test_examples/fast/unit_test.rb": 1.6185731887817383,
  "test_examples/fast/spec_test.rb": 0.00012803077697753906
}