{
  "spinach_examples/scenario1.feature": 0.0017168521881103516,
  "spinach_examples/scenario2.feature": 0.002157926559448242
}