{
  "test_examples/fast/unit_test.rb": 1.6192498207092285,
  "test_examples/slow/slow_test.rb": 2.515178918838501,
  "test_examples/fast/spec_test.rb": 0.0001010894775390625
}